BJD_TDB,Flux,Flux_Err,Bkg(ADU),Airmass,Dx(pix),Dy(pix),Peak(ADU),FWHM(pix),GJD_UTC
2460807.8468697607,0.9868858804790709,0.0021715643744114714,1162.7749755859375,1.221968,-0.6685816860757227,0.8058496133378097,55526.35546875,4.586061008686675,2460807.843598414
2460807.847278713,0.9912160497802833,0.0021602724041264922,1129.4587036132812,1.2215797,-0.9564100540261683,1.0797843911793719,55526.35546875,4.7283516339223555,2460807.844007373
2460807.8476870623,0.9882676241699775,0.00214750485775036,1099.6781188964844,1.2211998,-0.8921960104458218,0.8530274756449158,55526.35546875,4.7493393013169705,2460807.844415729
2460807.8480960256,0.9873487230345307,0.0021424130192270316,1081.508154296875,1.220823,-0.9456690586647453,0.500996295510268,55526.35546875,4.754547036106099,2460807.844824699
2460807.8485058453,0.9879681785613982,0.002139138242194012,1069.616015625,1.2204458,-1.013730157168242,0.9363560383487626,55526.35546875,4.571513657676288,2460807.8452345254
2460807.8489147387,0.9863870695125145,0.0021316986515685647,1048.5197448730469,1.2200735,-0.6946944312443964,0.5756680822571583,55526.35546875,4.4935031877981215,2460807.845643426
2460807.849323355,0.990229282279638,0.0021103199515308366,1038.0550354003906,1.219712,-0.2846484420050822,0.9127489588133713,55526.35546875,5.478635770419372,2460807.8460520487
2460807.8497321326,0.9904294239643834,0.002111692247257634,1025.312677001953,1.2193452,-0.725828881880572,0.6388300908048206,55526.35546875,5.206987927834654,2460807.846460833
2460807.8501422303,0.9880138086474528,0.0021028828946278045,1017.4581359863281,1.2189836,-1.0376507672954647,0.6676753083023295,55526.35546875,5.482806868200389,2460807.8468709374
2460807.850553566,0.9874369028113585,0.0021077401207471244,1007.7969116210937,1.2186288,-0.8697628444557712,0.10924561604378358,55526.35546875,4.982501340186905,2460807.84728228
2460807.850966858,0.9893855260654925,0.0020943346482837633,998.3362609863282,1.2182713,-0.5838684302687914,0.6838167910481783,55526.35546875,5.45298641848801,2460807.847695579
2460807.8513756013,0.9857225283833452,0.00209251489525286,989.3902130126953,1.2179238,-0.4307840182613508,0.7723879180543365,55526.35546875,5.359252615726543,2460807.848104329
2460807.8517843676,0.9894334920855584,0.002089004727311919,981.8975372314453,1.2175782,-0.3658001354117562,0.7817143292610742,55526.35546875,5.722927811519417,2460807.8485131017
2460807.852193192,0.9878807399034808,0.002098633901728184,975.7045379638672,1.2172374,-0.8081124367778771,0.5545201271778922,55526.35546875,5.1056420802178035,2460807.8489219327
2460807.852604088,0.9922797448742335,0.002103101423778461,970.157275390625,1.2168967,-0.38106343111661783,0.361602954290033,55526.35546875,4.948983297678131,2460807.8493328355
2460807.853013225,0.9885959041721395,0.002098583274503162,964.8943084716797,1.2165608,-0.35033556025453394,0.7715221035794464,55526.35546875,4.88277730927081,2460807.849741979
2460807.8534219796,0.9872082108349923,0.0021030485578586965,960.3469909667969,1.2162316,-0.4311199911314671,0.8255371037468866,55526.35546875,4.325135729866649,2460807.8501507407
2460807.853830769,0.9895417417277107,0.002097925123152351,956.2834381103515,1.2159062,-0.11022377892831632,0.7279744807319105,55526.35546875,4.534456452447754,2460807.850559537
2460807.8542405195,0.9876086575290948,0.0020984973405602635,952.8725524902344,1.2155824,-0.5032151865890419,0.4516406525910471,55526.35546875,4.498899665240731,2460807.850969294
2460807.8546491703,0.9882800233800098,0.0020957015048988312,948.6147033691407,1.2152629,-0.35381035673352496,0.663908283590878,55526.35546875,4.739963780413597,2460807.8513779514
2460807.855059059,0.986946320012492,0.0020971294399325614,947.3342590332031,1.214947,-0.215910786019568,0.9598230367182928,55526.35546875,4.438840550431061,2460807.851787847
2460807.8554676403,0.9845962676150853,0.002094338896487246,945.3666381835938,1.214634,-0.11967974064886124,0.7277934439958685,55526.35546875,4.446698680517487,2460807.852196435
2460807.855876476,0.9889858516933864,0.0020769065983484757,944.3022094726563,1.2143253,0.14143738679286977,0.7458132881630066,55526.35546875,5.396888132132802,2460807.8526052777
2460807.8562852545,0.9880681137684939,0.0020767304181230767,942.6812103271484,1.2140204,-0.28546160269855925,0.2831930973215661,55526.35546875,5.524946288824231,2460807.8530140626
2460807.856693824,0.9926322268114195,0.002076005506402939,940.5129638671875,1.2137178,0.04683618517849091,0.7380183016500479,55526.35546875,5.294471886788449,2460807.853422639
2460807.8571026945,0.990802717626286,0.0020701748989053314,939.9983062744141,1.2134187,-0.053140640873860424,0.6182797528334926,55526.35546875,5.601180817829406,2460807.853831516
2460807.857511276,0.989957342954973,0.0020662548709102246,939.1358276367188,1.2131251,-0.054450286888554356,0.6773950102950576,55526.35546875,5.688972313174434,2460807.854240104
2460807.8579200306,0.9888437789094967,0.0020781062897438102,938.0894226074219,1.2128332,0.007919740491323633,0.6325991211653279,55526.35546875,5.236854474177245,2460807.8546488658
2460807.8583288086,0.989643577262067,0.0020755617864035595,938.0733306884765,1.2125468,-0.20249591015324483,0.28124208185199817,55526.35546875,5.375241822821475,2460807.8550576502
2460807.858737679,0.9889210417643983,0.0020846785223253748,937.468539428711,1.212262,-0.08447349330894632,0.5915951254655138,55526.35546875,4.79114048077865,2460807.855466528
2460807.859147395,0.9869021428702529,0.002093842518232853,937.2596252441406,1.2119842,0.36495582342575966,0.2882658162066992,55526.35546875,4.312339411673128,2460807.85587625
2460807.859556138,0.9897131434259898,0.002093734067038104,937.014013671875,1.2117066,-0.17368732569554887,0.26028265353609725,55526.35546875,4.260311761512221,2460807.856285
2460807.8599648466,0.9887264720055592,0.0020905979450904877,937.3655090332031,1.2114328,0.26514687751702626,0.2977640202712966,55526.35546875,4.5433361215203245,2460807.8566937153
2460807.860373659,0.9880197076639667,0.002091489310618889,937.8444396972657,1.2111635,-0.4334177327933589,0.6415331537383095,55526.35546875,4.630514588302004,2460807.8571025347
2460807.8607837684,0.9855975921838976,0.002090989393111439,938.3585723876953,1.2108972,-0.20124843153736535,-0.03628257056338021,55526.35546875,4.515423976818536,2460807.8575126505
2460807.8611926152,0.988897875514027,0.002091724021314617,939.1272644042969,1.2106335,-0.07615895098555661,0.21210689132325566,55526.35546875,4.634335932055407,2460807.8579215044
2460807.8616013243,0.9886589533275918,0.002093540920418438,939.9345153808594,1.210378,-0.20627633075092275,0.4399213731444685,55526.35546875,4.784977754080056,2460807.85833022
2460807.8620099747,0.9893713239957993,0.002090586954486087,940.9630279541016,1.2101217,0.004800776800256827,-0.13339417303260673,55526.35546875,4.767289561817632,2460807.8587388773
2460807.8624185906,0.9930691401705772,0.002079292267515455,942.5377014160156,1.20987,-0.1008640147762917,0.6238077894384972,55526.35546875,5.49521059355603,2460807.8591475
2460807.862827311,0.9885408124971732,0.002069383993440052,943.3870819091796,1.2096201,0.1312846946576803,0.15288688365350975,55526.35546875,6.083564820763325,2460807.859556227
2460807.8632371305,0.989106537129932,0.002071122696752486,943.9992034912109,1.2093768,-0.1987058250878338,0.07721272166878279,55526.35546875,6.147681512686846,2460807.859966053
2460807.8636457585,0.9879561912600039,0.0020716097697473356,944.4343963623047,1.2091382,0.009159069094743181,0.5138637118587042,55526.35546875,6.206660808793697,2460807.8603746877
2460807.864054455,0.9900588338743103,0.0020833409746473996,945.3713745117187,1.2088995,0.4978027403817531,0.5975465056658237,55526.35546875,5.670291598177286,2460807.860783391
2460807.8644653508,0.9887240244019974,0.002078204215580166,945.427197265625,1.2086638,0.2736386372316801,0.22704773553208554,55526.35546875,5.737340464509421,2460807.861194294
2460807.8648739206,0.9899450166071574,0.002080927827550219,947.1119232177734,1.2084338,0.0661972220669523,0.39206400514303474,55526.35546875,5.370517483746487,2460807.8616028703
2460807.8652826874,0.9870623323756694,0.0020816785860004548,947.8507019042969,1.2082077,-0.2452357875078569,0.4125830907842137,55526.35546875,5.313986667674165,2460807.8620116436
2460807.8656913727,0.9919161854588321,0.0020975753192247707,949.3601379394531,1.2079828,0.27967241986370966,0.34131593332548393,55526.35546875,4.538425586768476,2460807.862420336
2460807.8661001967,0.9863107724463518,0.0020945545149837945,950.4254730224609,1.2077633,0.3915540078954231,0.19625095193908296,55526.35546875,4.940626118564145,2460807.8628291665
2460807.866508836,0.9886048924959618,0.0020907921541136643,951.3003173828125,1.2075485,0.15571041863260482,0.05298352607755447,55526.35546875,5.479705295646918,2460807.8632378126
2460807.866917429,0.9858077000663882,0.0020956799935118453,952.6258972167968,1.2073369,0.02438555016781042,0.2824424312960942,55526.35546875,4.926631757701017,2460807.8636464123
2460807.867326033,0.9880547262123698,0.002094983002815704,953.5340545654296,1.2071264,0.49729741963201407,0.033588230171375494,55526.35546875,5.112109738243769,2460807.864055023
2460807.867734788,0.9894349347479088,0.002098300803787067,954.7957366943359,1.206922,0.3927429850517078,0.5162852541921472,55526.35546875,4.821434947565545,2460807.8644637847
2460807.868143658,0.9880797797603644,0.0020927115010014137,955.3805755615234,1.2067188,0.028515731210927077,-0.19293127906457147,55526.35546875,5.719463471357161,2460807.864872662
2460807.8685524827,0.9876640053854182,0.0020954369427639815,956.7639038085938,1.20652,0.1082283277668214,-0.24040569773487616,55526.35546875,5.014471690940878,2460807.865281493
2460807.869003355,0.9863605394882938,0.002087781310761518,958.0734008789062,1.206305,0.03848684484964037,-0.38163015425927543,55526.35546875,5.58759076249322,2460807.8657323727
2460807.8694136026,0.9874017950871392,0.002089014451332182,960.0133178710937,1.2061135,0.44457931086021885,0.37790408694212224,55526.35546875,5.340460078730002,2460807.8661426273
2460807.86982186,0.9925167292586128,0.0020824039221607805,961.4078674316406,1.2059263,0.411141092581267,0.3734932772751194,55526.35546875,5.930417030857381,2460807.866550891
2460807.8702306263,0.9887525262092636,0.0020883934880471747,963.2385314941406,1.2057424,0.07497888726307811,0.19382373246794907,55526.35546875,5.37586563251092,2460807.8669596645
2460807.870640747,0.988333381777692,0.0020989219792509114,964.4299011230469,1.2055602,0.36025397369226864,0.12182779952754186,55526.35546875,4.790313009532735,2460807.8673697915
2460807.8710491313,0.9888832197700678,0.0020893604117870274,965.7818939208985,1.2053851,0.5590197224544334,0.21323910875629173,55526.35546875,5.096802660099988,2460807.867778183
2460807.8714577937,0.9874242508113192,0.002090228821068502,967.3044616699219,1.2052105,0.18435376390647082,-0.07351120598478725,55526.35546875,5.313557558168163,2460807.868186852
2460807.8718663054,0.9881989663680347,0.0020951202068859023,968.5475463867188,1.2050406,0.5437243646392548,0.5558402829461959,55526.35546875,5.29471678230377,2460807.8685953706
2460807.8722751876,0.9902844406742572,0.0021044909387207228,969.989208984375,1.2048736,0.2246149719448292,0.4549280742215666,55526.35546875,4.61650567599316,2460807.8690042594
2460807.8726839074,0.9900182309347453,0.002105231935648287,971.6635620117188,1.2047114,0.33221060240906763,-0.12846415382429885,55526.35546875,4.552620846393912,2460807.869412986
2460807.8730925582,0.9882655625371259,0.0021046308666926865,973.0150268554687,1.2045513,0.45582694826481435,0.05098677753154377,55526.35546875,4.674777114210012,2460807.8698216435
2460807.873503165,0.9898648366480186,0.0021027779186605735,974.3182556152344,1.2043949,0.60620775532451,0.38563782812868463,55526.35546875,5.017454139164304,2460807.870232257
2460807.873912174,0.9904536735251502,0.002108836183486777,976.058627319336,1.2042416,0.5419457619151462,0.19372053375732934,55526.35546875,4.532454723798088,2460807.870641273
2460807.874322156,0.9904749784775336,0.0021093293941533463,978.0511016845703,1.2040924,0.39693888077254,0.030924631208682773,55526.35546875,4.482245587008015,2460807.8710512617
2460807.8747308296,0.988568647460897,0.002107919330538282,979.287222290039,1.2039466,0.2236126756969134,0.12456376322753131,55526.35546875,4.474484798243974,2460807.8714599423
2460807.8751405105,0.9873374950288252,0.002108082465429045,980.4022155761719,1.203805,0.6471820887400246,0.24813797586975056,55526.35546875,4.71038704723179,2460807.8718696297
2460807.8755503646,0.9900255837284179,0.00209784775695075,982.8562652587891,1.203666,0.6117245997709645,-0.013898517071602733,55526.35546875,5.480984001818581,2460807.872279491
2460807.875959027,0.9906585965434848,0.002092990255342804,984.7726928710938,1.2035308,0.27466111920585123,0.000530371425768815,55526.35546875,5.680043507942954,2460807.87268816
2460807.876368962,0.9879121782323721,0.0020968950564225182,987.1647583007813,1.2033986,0.17646189215503374,-0.05205767352245321,55526.35546875,5.152201334561623,2460807.873098102
2460807.8767788284,0.9862271617365613,0.002103595011066849,989.4063018798828,1.2032714,0.9332792978540845,0.6917975825442334,55526.35546875,4.956910513772701,2460807.8735079747
2460807.8771875943,0.9858630265573232,0.0021059919894065343,990.4707946777344,1.2031458,0.5659567891370917,-0.5482811029703563,55526.35546875,4.9104438570577695,2460807.8739167475
2460807.8775961874,0.9871587812786633,0.0021005139521000065,993.3686645507812,1.2030236,0.3009167708726405,-0.09730359382861167,55526.35546875,5.318622213935507,2460807.874325347
2460807.878004907,0.9852000262073969,0.002102834118463755,995.0007537841797,1.2029074,0.6761104742908677,0.3353442885118399,55526.35546875,5.353956466732398,2460807.874734074
2460807.878413257,0.9898965503754625,0.002104850336773844,996.2565765380859,1.2027924,0.1759753944025083,-0.002530052387911833,55526.35546875,4.974546459523286,2460807.8751424304
2460807.8788218615,0.9911862042566996,0.002112733994550646,996.9908477783204,1.2026818,0.2586428181062689,0.0783168519385242,55526.35546875,4.693998988954127,2460807.8755510417
2460807.8792343778,0.9866265118606362,0.0021145898233095664,997.3664367675781,1.2025729,0.30013286989168225,0.24967730161645674,55526.35546875,4.500216183124864,2460807.875963565
2460807.879645112,0.9907665551021088,0.0021149278807586695,998.1983489990234,1.2024695,0.46204965249286767,-0.11933145327906988,55526.35546875,4.641011767412292,2460807.8763743057
2460807.880053658,0.9904174986936174,0.0021150788753209315,999.9733123779297,1.2023688,0.16217576047787383,0.10006119920552346,55526.35546875,4.464336093710478,2460807.8767828587
2460807.8804623666,0.9879736619319186,0.0021152286015937278,1001.3326080322265,1.2022726,0.8491202115863854,0.2832490795530318,55526.35546875,4.5155420215090905,2460807.877191574
2460807.8808712605,0.9879041887544732,0.0021132708367545892,1002.476187133789,1.2021789,0.45284215810398015,0.34788655073168195,55526.35546875,4.682025609989838,2460807.8776004747
2460807.881280999,0.9895452512114434,0.0021147578139180385,1003.2619598388671,1.2020893,0.37734722006646076,0.3929939249531515,55526.35546875,4.491477149528368,2460807.87801022
2460807.881738873,0.9895122484185102,0.002114057531236779,1003.4349548339844,1.2019931,0.610822609811821,-0.016245198424617958,55526.35546875,4.6052603925153806,2460807.878468102
2460807.882148716,0.9905317160639798,0.0021058678004255886,1004.7256652832032,1.2019102,-0.02049956049391546,0.07229962204797294,55526.35546875,5.1995544525237625,2460807.8788779513
2460807.882557413,0.9875760111438078,0.0021019681710492777,1006.2223571777344,1.2018305,0.6321483601332176,-0.09599102219113725,55526.35546875,5.057300902948897,2460807.879286655
2460807.882968402,0.9893838143938495,0.0021040298936141726,1007.171240234375,1.2017548,0.27797525972990994,-0.3714333376618267,55526.35546875,5.339039290606678,2460807.8796976507
2460807.8833770524,0.9925650480966057,0.0021012379166036534,1009.0977935791016,1.2016832,-0.10407473886869437,-0.030562959663830668,55526.35546875,5.70091938104855,2460807.880106308
2460807.883785656,0.9878911565625136,0.002103229322022548,1012.1361145019531,1.2016147,0.4603878380703565,-0.37412753273551674,55526.35546875,5.957672617413476,2460807.880514919
2460807.8841947354,0.9894672387336196,0.0021049270209754336,1014.9049377441406,1.2015488,0.6180941680554667,0.2807358892532144,55526.35546875,5.401322633274437,2460807.8809240046
2460807.884604115,0.9907798035861166,0.0021053254811903657,1018.2886596679688,1.2014874,0.282369564128501,-0.20116395000639997,55526.35546875,5.5970920198382395,2460807.881333391
2460807.885012766,0.9896427680207655,0.0021120064323507737,1021.4890106201171,1.2014291,0.16182495207164263,-0.13955343067521817,55526.35546875,4.98896458448502,2460807.8817420485
2460807.885421335,0.990672074479291,0.002102228192348451,1059.2884582519532,1.2013745,0.5753712422783208,-0.09865664446182307,55526.35546875,4.686782417219677,2460807.882150625
2460807.885829975,0.9865900681722491,0.002096015606099257,1070.3195861816407,1.2013236,0.6227895320399924,0.09123364722213873,55526.35546875,4.721893415572704,2460807.882559271
2460807.886238845,0.988465436639778,0.0021144570968982734,1022.1611541748047,1.2012753,0.38015306925534914,-0.10580653255180439,55526.35546875,4.965738381320261,2460807.882968148
2460807.8866474265,0.9886983437425286,0.002114555701915682,1019.6344299316406,1.2012314,0.8181831585402403,-0.11913369798778732,55526.35546875,5.070270496621441,2460807.883376736
2460807.887056031,0.9885036727843425,0.0021164635553047517,1021.4427978515625,1.2011899,0.39448613085644096,-0.23269050651043047,55526.35546875,4.800688335703514,2460807.8837853475
2460807.887465931,0.9886785149220463,0.0021144870690952664,1021.5913879394532,1.2011525,0.48820523818282757,-0.08511298499785844,55526.35546875,5.346721648075016,2460807.8841952546
2460807.887874501,0.9902594176455418,0.002113671760247205,1024.2824127197266,1.2011188,0.48623928584920495,-0.36533504578104764,55526.35546875,5.324885159278318,2460807.884603831
2460807.8882830124,0.9919525207067433,0.002116264085755801,1026.4527282714844,1.2010881,0.2579425009024994,-0.14654786517566018,55526.35546875,5.052607156126974,2460807.8850123496
2460807.8886917327,0.9914503668898239,0.0021131356260728194,1031.68515625,1.2010614,0.5591398097249991,0.09373205328429943,55526.35546875,5.144358184157917,2460807.8854210763
2460807.8891004524,0.9883122982622566,0.0020861606582374057,1152.5004333496095,1.2010377,0.7072254222181102,-0.32513424030133536,55526.35546875,5.004110245818268,2460807.885829803
2460807.8895103303,0.9871740508871467,0.002061838807039459,1267.4028198242188,1.2010173,0.21388370398444745,0.23605352404603672,55526.35546875,5.488691655424715,2460807.8862396874
2460807.889921666,0.9901518939319391,0.002112504778160887,1070.6955261230469,1.2010007,0.783404579451565,0.05902440308301519,55526.35546875,5.347109709546184,2460807.8866510303
2460807.890331115,0.9927247415485387,0.002118559340871081,1057.3289123535155,1.2009872,0.37196948863716617,0.07507243566570697,55526.35546875,5.3389245121177265,2460807.8870604862
2460807.8907399974,0.9923620398452273,0.0021178887934380514,1151.6277587890625,1.2009775,0.5669760220635766,-0.33423638813853795,55526.35546875,5.776558997081257,2460807.887469375
2460807.891148636,0.9928776675280968,0.0020657225950816835,1491.8822509765625,1.2009712,0.30808732843733383,-0.02477866513451379,55526.35546875,5.473670457139565,2460807.8878780208
2460807.8927867576,0.9881170469888971,0.002156063761228702,1204.2654418945312,1.2009808,0.6450601003580281,-0.41463630623369435,55526.35546875,4.992731772790654,2460807.889516169
2460807.893195454,0.990235914186564,0.002152930120160866,1130.710986328125,1.2009914,0.9955914566828805,0.02753685951501112,55526.35546875,5.00841645234936,2460807.8899248727
2460807.893610169,0.9902126197323514,0.002132600939397364,1071.7102416992188,1.2010061,0.8272196604157686,0.1496834485215723,55526.35546875,4.977942555164243,2460807.890339595
2460807.894018612,0.9920915724677484,0.0021308791186329086,1074.8911987304687,1.2010241,0.6867078961758116,-0.13120114921142786,55526.35546875,5.277450843461345,2460807.890748044
2460807.8944271,0.9901341892995684,0.0020837208071628945,1284.0960998535156,1.2010457,0.4178608575221755,-0.30875195013211915,55526.35546875,4.926759790811892,2460807.8911565393
2460807.8948359364,0.990103342842382,0.002079911745012012,1202.734393310547,1.201071,0.9775717270450288,0.04874214196728038,55526.35546875,5.8198381234170045,2460807.891565382
2460807.895244494,0.9918099507958256,0.0020952334187943275,1169.7656677246093,1.2010992,0.5168103946790126,0.3277245214004649,55526.35546875,5.084950785423436,2460807.8919739467
2460807.895655575,0.9929680743969806,0.002063633771476883,1244.838397216797,1.2011304,0.7630082431123943,-0.6622031199256844,55526.35546875,5.842422649952623,2460807.892385035
2460807.8960641217,0.9904024401552971,0.0020946192770655444,1106.7573181152343,1.2011662,0.30715300659084555,-0.4344109969568973,55526.35546875,5.809649405637153,2460807.892793588
2460807.8964727605,0.9901221812486266,0.0021139483503568213,1041.3027465820312,1.2012047,0.683289966322034,-0.2037622241118451,55526.35546875,5.757978079523892,2460807.8932022336
2460807.8968812493,0.9945608098529395,0.0021056540277334885,1050.0401000976562,1.201247,0.8230055779872493,-0.16024036698274452,55526.35546875,5.953618391803001,2460807.8936107294
2460807.897289877,0.9944375216820124,0.002101229641934733,1035.9370727539062,1.2012925,0.9046511053887258,-0.6314031848299569,55526.35546875,6.402268763884613,2460807.8940193634
2460807.8976986776,0.9930295177479133,0.002107831246520192,1035.0319702148438,1.2013416,0.5300008518743187,-0.3786268422266691,55526.35546875,5.632581258541271,2460807.894428171
2460807.898107294,0.9889121604484701,0.0021135087464232948,1034.6399230957031,1.2013944,0.9320033699982588,-0.09872006831191815,55526.35546875,5.294679483806948,2460807.894836794
2460807.8985158056,0.9914706298389442,0.0021112549672987414,1035.6610900878907,1.20145,0.49519135088736554,-0.25092716166074563,55526.35546875,5.78679973202518,2460807.8952453127
2460807.898926933,0.9893642414641772,0.0021129196215404124,1036.4154174804687,1.2015101,0.8470989860928517,-0.21604701695566605,55526.35546875,5.68491162565797,2460807.895656447
2460807.8993354444,0.9903044775094528,0.0021125472063623293,1035.2116088867188,1.2015734,1.0755524874173397,-0.4184516371756964,55526.35546875,5.47440576851324,2460807.896064965
2460807.899744118,0.9916296885649726,0.002113526103756098,1038.153009033203,1.2016398,0.3612453947309333,-0.6320918454023816,55526.35546875,5.608369035438141,2460807.8964736457
2460807.9001540653,0.9905024897776955,0.002117591689700677,1041.1868591308594,1.201709,0.919870661255305,0.19490980177857883,55526.35546875,5.13577944457469,2460807.8968835995
2460807.9005628894,0.9923792318808541,0.00211926690031982,1039.5165405273438,1.2017825,0.7532845620075823,0.03378617963396726,55526.35546875,4.95165694981734,2460807.8972924305
2460807.9009714704,0.9919896464022612,0.0021151949556907834,1039.4928588867188,1.201859,0.7544992376664776,-0.4533523796612213,55526.35546875,5.299481549864829,2460807.8977010185
2460807.9013799825,0.9920917561471971,0.0021172098551237107,1041.5465454101563,1.2019393,0.9607360829000168,0.00690392066344299,55526.35546875,5.317027341614662,2460807.898109537
2460807.9017911097,0.9915129140466564,0.0020995631004199758,1040.1364990234374,1.2020235,0.6760995201720486,-0.301290125586181,55526.35546875,6.547168391755511,2460807.8985206713
2460807.902242989,0.9898288002061721,0.002113908282413771,1039.7778381347657,1.202121,1.1147136220023255,0.17811058476826963,55526.35546875,5.250798516035835,2460807.898972558
2460807.9026566395,0.9931154347515458,0.002107184292403754,1040.3370971679688,1.2022132,0.7948354145247667,-0.263780816747817,55526.35546875,5.813217547219839,2460807.8993862155
2460807.903065174,0.9922297069899997,0.0021036171038138,1042.69970703125,1.2023076,0.9146265180993639,-0.030110701777449324,55526.35546875,6.286989145287057,2460807.899794757
2460807.9034737204,0.991231413113583,0.0021083652163004663,1047.6026428222656,1.2024057,1.237749929157629,0.10358212929168366,55526.35546875,6.341940272028153,2460807.90020331
2460807.903883494,0.9922956431640255,0.0021119850210128584,1049.694970703125,1.202508,1.2302235514582986,0.19651863511601111,55526.35546875,5.687878505007849,2460807.9006130905
2460807.904292237,0.9928837277505597,0.0021087457174302974,1053.5311462402344,1.2026116,0.8922290152932078,-0.5406987015559341,55526.35546875,5.764022343909586,2460807.90102184
2460807.9047011076,0.9952894092327312,0.002111051542091947,1063.2388488769532,1.2027204,0.7291107899074144,-0.1388527258626293,55526.35546875,5.931802335774329,2460807.9014307177
2460807.905109712,0.9934739286771452,0.0021177699197915175,1061.949481201172,1.202833,0.8835296912815885,-0.026252283762447683,55526.35546875,6.038634670530349,2460807.901839329
2460807.9055206543,0.9955523890491768,0.0021228796466896734,1049.6107055664063,1.2029485,1.300675587210318,-0.32515134479301006,55526.35546875,4.963745718539671,2460807.902250278
2460807.9059294206,0.9917084604825812,0.002114926429395095,1044.8279418945312,1.2030671,0.9960075615883992,-0.4252551637151665,55526.35546875,5.5694812627136505,2460807.902659051
2460807.906337909,0.9925770894373105,0.002118172175759381,1044.9527648925782,1.2031904,1.1945916064435105,-0.23218775759576119,55526.35546875,5.3414224102550625,2460807.9030675464
2460807.906746606,0.9948455980900202,0.0021187191081070214,1045.850567626953,1.2033148,1.2030157301113158,-0.2353915887828442,55526.35546875,5.481481107287497,2460807.90347625
2460807.90715521,0.9931631990940912,0.0021118596345360025,1043.969219970703,1.2034446,1.0930175656279564,-0.8186536789241388,55526.35546875,5.847367519574062,2460807.903884861
2460807.9075638605,0.9919037264191567,0.0021066452033822436,1044.4753784179688,1.2035782,0.4557350244909095,-0.07569323820828368,55526.35546875,6.837888237326112,2460807.9042935185
2460807.907972477,0.993749070827905,0.002120121772830206,1045.4068969726563,1.2037142,1.224549419637367,-0.09586296248861316,55526.35546875,5.324993781412628,2460807.9047021414
2460807.9083812777,0.9930554141546236,0.002111929533049126,1049.3932312011718,1.2038537,1.1486382661114456,-0.43378601807443307,55526.35546875,5.403093118003185,2460807.905110949
2460807.908790079,0.9941273173621232,0.002107889254280109,1051.2571899414063,1.2039975,1.004120811621625,-0.48495928572499386,55526.35546875,6.3012223904281335,2460807.905519757
2460807.909199563,0.993073151764387,0.0021034022384393324,1054.4910583496094,1.204146,1.1063908437280885,-0.3645518011307639,55526.35546875,6.094649114387374,2460807.905929248
2460807.909608352,0.9946799546076946,0.002093645648105101,1058.2471984863282,1.2042938,0.9410041582513723,-0.6704190027523925,55526.35546875,7.354366476072856,2460807.906338044
2460807.91001691,0.994291891917567,0.002107059932140975,1060.941015625,1.2044487,0.9076318799542586,-0.20781728295694266,55526.35546875,6.442932663413457,2460807.9067466087
2460807.9104607455,0.9945512850608216,0.0021110085801339554,1058.8705810546876,1.2046189,0.7629905487061203,-0.16203947527502682,55526.35546875,5.799955100733442,2460807.9071904514
2460807.910869442,0.9932165298267798,0.0021109929945379367,1055.5292541503907,1.2047797,1.322247446077727,-0.4344558180304109,55526.35546875,6.053431724520017,2460807.907599155
2460807.911278,0.9958211307246251,0.0020984779310353136,1056.4338439941407,1.2049439,1.0156683517616851,-0.7668473990231459,55526.35546875,6.9437091645627245,2460807.90800772
2460807.9116878547,0.9949827196341264,0.0021124794985936802,1058.5110412597655,1.2051129,1.2614216134536798,-0.33719459248037,55526.35546875,5.907575928171527,2460807.908417581
2460807.9120963663,0.9937804008771242,0.002116246367145258,1057.5751403808595,1.2052843,0.6078563046547087,-0.580229664036718,55526.35546875,5.923604220395949,2460807.9088260997
2460807.912505387,0.9921464257280675,0.0021113497832298497,1056.7279846191407,1.2054589,0.8117046224439016,-0.5072603887744036,55526.35546875,5.9285890028837205,2460807.9092351273
2460807.9129139106,0.9934877158538448,0.002113670436760686,1057.2078002929688,1.2056391,1.191948595242807,-0.25575309062534834,55526.35546875,6.02022414022647,2460807.9096436575
2460807.913322503,0.9954278641422664,0.0021066913984994352,1056.3387329101563,1.2058205,1.2666921512201121,-0.6453015356078802,55526.35546875,6.194622629564976,2460807.910052257
2460807.913733445,0.9941960955047574,0.0021096157113982055,1060.8771667480469,1.2060073,1.1463619546597617,-0.37195521177486984,55526.35546875,6.305082263352191,2460807.910463206
2460807.914141853,0.9945081256355937,0.0021202784434309614,1059.614599609375,1.2061962,0.7466690241556586,-0.2925634985881012,55526.35546875,5.588650647856491,2460807.9108716203
2460807.9145527254,0.9939459480757262,0.0021023213243465608,1060.7482604980469,1.2063898,0.8917326278970449,-0.07679446800699165,55526.35546875,7.099906359882166,2460807.9112825
2460807.9149625334,0.9935347059712093,0.0021064238581625146,1059.3828125,1.2065864,1.0064377620273501,-0.715964683436852,55526.35546875,6.281072989583851,2460807.911692315
2460807.9153711842,0.9946602314917973,0.0020961189815826764,1062.0755187988282,1.2067848,1.2857995249220617,-0.7241891280153689,55526.35546875,6.9879570463162395,2460807.912100972
2460807.915780888,0.9947698222162825,0.002102407268376981,1061.4603332519532,1.2069896,1.102444014132169,-0.44063373549488993,55526.35546875,6.824961846243154,2460807.912510683
2460807.91618955,0.9943074347330422,0.0021029526574378493,1063.1978637695313,1.2071952,0.883025043540146,-0.4112744707123478,55526.35546875,6.945658090000757,2460807.912919352
2460807.9165982935,0.9953055677116408,0.0021043682711933726,1061.912176513672,1.2074059,1.041419680877711,-0.49399451080493795,55526.35546875,6.65415361416751,2460807.913328102
2460807.917015208,0.9938237584069318,0.002108723333935857,1061.8131286621094,1.2076246,1.2233573692189126,-0.44431666702024986,55526.35546875,6.2808128663156335,2460807.9137450233
2460807.917423974,0.9957557338128566,0.0020914154185400933,1062.3471984863281,1.2078424,1.2396277827529698,-1.1179353512589383,55526.35546875,6.831627542495653,2460807.914153796
2460807.9178677397,0.9960472589429313,0.0021208965854084723,1064.368798828125,1.2080814,0.6512544038067972,-0.18456916381699398,55526.35546875,5.739749505452974,2460807.9145975695
2460807.918276633,0.9937570523084356,0.00211471225452309,1064.011328125,1.2083065,1.3254621689438384,-0.7904790209622705,55526.35546875,5.923731579117086,2460807.91500647
2460807.9186851913,0.9942456744347188,0.0020839523589385373,1061.7089782714843,1.2085351,1.030320764171654,-0.93354551272225,55526.35546875,7.4999679248692,2460807.9154150346
2460807.919503673,0.9926955843766812,0.0021194867924724343,1064.8064025878907,1.2090008,1.8830553934033707,-0.056587384973724265,55526.35546875,5.683792388926506,2460807.9162335303
2460807.9199134805,0.9933416008819719,0.0021182390944491833,1065.5681579589843,1.2092399,0.9803585643277744,-0.4145660199742886,55526.35546875,5.930797636730736,2460807.916643345
2460807.9203236476,0.9937548652866963,0.0021181765965487824,1068.049249267578,1.2094833,1.1057674338245254,-0.6733055239014224,55526.35546875,5.914192574712851,2460807.9170535184
2460807.920732611,0.994154420780735,0.0021136058608062897,1066.5454162597657,1.2097316,0.615456089140389,-0.3123319066598266,55526.35546875,6.548659898157787,2460807.9174624886
2460807.9211424184,0.9933252183202129,0.002097893348054084,1066.54619140625,1.2099805,1.6228256228994067,-0.5996894431163158,55526.35546875,6.973764556236696,2460807.917872303
2460807.921552354,0.9959715130151864,0.0021080779194895473,1064.7305541992187,1.2102347,1.0534740872620825,-0.7775260215494997,55526.35546875,6.400923385716209,2460807.9182822453
2460807.9219609117,0.9963553929110751,0.0021057861319915944,1066.9813903808595,1.2104923,1.0591506034904412,-0.4369440238988037,55526.35546875,6.506398680214189,2460807.91869081
2460807.922371831,0.9961447627487516,0.0021032734095158133,1069.4397766113282,1.2107518,1.6941770673095071,-0.28025454372729147,55526.35546875,6.992683922613254,2460807.919101736
2460807.922781801,0.9961326875512366,0.002090088139671377,1065.6508239746095,1.2110176,0.9081426776256812,-0.0812906525628201,55526.35546875,7.3867055847459495,2460807.919511713
2460807.923190695,0.9967311449822139,0.0020833149187875245,1066.6458984375,1.2112855,1.164164290912809,-0.5160294936530383,55526.35546875,8.003005333929465,2460807.9199206135
2460807.9235992874,0.9968433025268268,0.002106431343214126,1069.6609985351563,1.2115574,1.3996345034829099,-0.32763322401107714,55526.35546875,6.598629840593635,2460807.920329213
2460807.924016271,0.9971844281129085,0.0021023481131633584,1072.144708251953,1.2118371,0.9634244122782064,-0.13872468870387364,55526.35546875,7.118706341021882,2460807.9207462035
2460807.92442822,0.9999018489410749,0.0021022013880085287,1069.8344604492188,1.2121163,0.9090215400078231,-0.4420331779777151,55526.35546875,7.0960816019351105,2460807.9211581596
2460807.9248369397,0.9971082509914692,0.002100701252662779,1069.7404174804688,1.2123979,1.1538862792141358,-1.1617936610362387,55526.35546875,8.00054158388963,2460807.9215668864
2460807.9252467942,0.9947336216545741,0.0021016617537986605,1074.0872619628906,1.2126853,1.3157380899274151,-0.7315204853174267,55526.35546875,7.367221645514169,2460807.9219767475
2460807.925658628,0.9967238159080521,0.0020992313967422437,1075.9939086914062,1.2129749,1.618476640895895,-1.0409223754662782,55526.35546875,7.367588821273779,2460807.922388588
2460807.9264767966,0.9974193725270297,0.00208587521772534,1074.6866943359375,1.2135634,0.9701754535267987,-1.1011380510756266,55526.35546875,8.157564616537172,2460807.923206771
2460807.9268852277,0.9973264508809115,0.00210008577832337,1074.7922668457031,1.2138641,0.8199934553475055,-0.9711452954621431,55526.35546875,7.472304837953792,2460807.9236152084
2460807.927293878,0.9990634774527304,0.002092363596803762,1077.9053588867187,1.2141674,1.542176143615767,-0.3304051799549062,55526.35546875,7.461110185801931,2460807.9240238657
2460807.9277037783,0.9996867107635623,0.002088915688598827,1077.768536376953,1.2144738,1.5975774202302797,-0.7734869719029108,55526.35546875,7.97772041769585,2460807.924433773
2460807.9281128347,0.9977737219506749,0.0020928268162502548,1078.2146911621094,1.214784,1.191816783026366,-0.8600169647490656,55526.35546875,7.902832588087487,2460807.924842836
2460807.9285210683,0.9975830003634176,0.0021102960876616555,1081.9146118164062,1.2151004,1.5418353180453466,0.22866168237726955,55526.35546875,6.834387790212705,2460807.9252510765
2460807.9289296726,0.9981305333327453,0.0020997292276575276,1081.5881225585938,1.2154153,1.6436110676481916,-0.7296173559884979,55526.35546875,7.18426476598695,2460807.9256596877
2460807.929339561,0.9961480240513774,0.0021101042769128904,1079.081103515625,1.2157408,1.3502791871672146,-0.39422169306404525,55526.35546875,6.611754207827913,2460807.9260695833
2460807.92974849,1.0009213214690875,0.0021011694710158816,1082.0574035644531,1.2160636,1.6730012824000375,-0.5450333335321148,55526.35546875,7.528898699367534,2460807.9264785186
2460807.9301571865,0.9977191789427162,0.002098699097673597,1082.98388671875,1.2163932,1.5438787293105065,-1.1310614489269601,55526.35546875,7.215505207565639,2460807.926887222
2460807.9305668785,0.9977148620419412,0.0021054861089387145,1083.4328125,1.2167256,1.0770447820288875,-0.558903939803833,55526.35546875,7.019371649461604,2460807.927296921
2460807.9309756802,1.0004299493175344,0.0021094971897687984,1085.9455871582031,1.2170615,1.7957790331587262,-0.5963412794432397,55526.35546875,6.6802641395997036,2460807.9277057294
2460807.9313844577,0.9973331189069595,0.0020983495826264187,1085.2509826660157,1.2174026,1.2072423481316494,-1.0794383629308475,55526.35546875,7.752090789922036,2460807.928114514
2460807.931793143,0.996553499695754,0.0021175947748586655,1084.5982360839844,1.2177436,1.0059895696667098,-0.4126937490610215,55526.35546875,6.4468833112827735,2460807.928523206
2460807.9322029045,0.9936491349158597,0.0021188747711424994,1082.8186889648437,1.2180939,2.224236220544606,-0.8007137689680678,55526.35546875,6.4865994120581,2460807.9289329746
2460807.9326114743,0.9977343010023132,0.002122837330384219,1083.3328369140625,1.2184438,1.6207454599358382,-0.1346773263750868,55526.35546875,6.048545909209311,2460807.929341551
2460807.933021641,1.000239199766894,0.0021129244222944012,1083.273388671875,1.2187949,1.3803614123055643,-0.8196503483463522,55526.35546875,6.927932677522778,2460807.9297517245
2460807.93343021,0.9972811105347394,0.0021248153062410724,1081.929461669922,1.219154,1.3755504554676132,-0.6827147501492434,55526.35546875,5.889031698854031,2460807.930160301
2460807.933838722,0.9983276271289468,0.0021182150973679047,1084.2354797363282,1.2195157,1.1790092874125764,-0.5692420506049121,55526.35546875,6.532949602516355,2460807.9305688194
2460807.9342488428,0.9956520334266532,0.0021198076538020134,1084.7178100585938,1.2198806,1.6994704879818785,-0.8517026119723757,55526.35546875,5.9008710306302445,2460807.930978947
2460807.934657667,0.999245864254135,0.002108890966484346,1086.6573974609375,1.220251,1.190443401824177,-0.37246546926811513,55526.35546875,6.7342499283771176,2460807.931387778
2460807.9350664443,0.9993339783581372,0.002108559878068424,1086.0640258789062,1.2206225,1.2827420831276202,-0.5542341123172725,55526.35546875,6.8138242535089,2460807.9317965624
2460807.935475072,1.0001256130451217,0.002120301845273468,1088.9970825195312,1.220998,1.1919096990320865,-0.3540205259469401,55526.35546875,6.285949220326767,2460807.932205197
2460807.9358840813,0.996925532613568,0.00210927251921194,1093.0289978027345,1.2213786,1.6900883152029795,-1.2774909359710984,55526.35546875,6.778378713080536,2460807.932614213
2460807.936292373,1.0003670485453517,0.002094220490530687,1093.2729858398438,1.221763,1.3099845467629099,0.08284921371269528,55526.35546875,7.906893613324368,2460807.9330225117
2460807.93670085,0.9961581622641459,0.0021147407761477324,1089.1425537109376,1.2221496,1.3502000184606833,-0.2610637867280246,55526.35546875,6.454146345489151,2460807.9334309953
2460807.937109616,0.9996900003730814,0.0021252244758503272,1088.5970092773437,1.2225402,1.5220070048799887,-0.575629710546656,55526.35546875,5.868056771691367,2460807.9338397686
2460807.937519517,0.997419226394333,0.002125710335085753,1089.181866455078,1.2229351,1.636279590509709,-1.5573999216862648,55526.35546875,5.9462340568611225,2460807.934249676
2460807.937928179,1.0000311758310703,0.0021247623379378206,1089.918878173828,1.2233312,1.6658342989043176,-0.8191989571591378,55526.35546875,6.2939854029537425,2460807.934658345
2460807.9383392367,0.9957705700479427,0.0021132305720586494,1092.7078430175782,1.2237376,1.6857730121203098,-0.969480642241071,55526.35546875,6.902617552728589,2460807.9350694097
2460807.9387481185,0.9979448828664236,0.002113926206476813,1094.0787292480468,1.2241439,1.4179694116988433,-0.5928906455990814,55526.35546875,6.9307709446788595,2460807.9354782985
2460807.9391566995,0.9973291900880523,0.0021246438388703016,1092.8314636230468,1.2245514,1.5492289121154565,-1.1072128720881254,55526.35546875,6.17892443727158,2460807.9358868864
2460807.939565385,1.0010305127124541,0.00212994090320567,1094.5142883300782,1.2249618,1.5625557209195007,-1.0308103899208358,55526.35546875,5.861856063449589,2460807.9362955787
2460807.9399739546,0.9987712845662586,0.0021282544526255867,1099.2093811035156,1.2253815,1.487224417909979,-0.2232335086287178,55526.35546875,6.063735616183742,2460807.936704155
2460807.9403827786,0.9977343652221232,0.002121631474986312,1098.635479736328,1.2258016,1.8572928220838327,-0.2997434939330771,55526.35546875,6.423113428856768,2460807.937112986
2460807.9407914174,0.9995680872911817,0.0021103930876540775,1097.8068969726562,1.2262254,1.656886589364148,-0.39165942245715124,55526.35546875,6.845129338772597,2460807.937521632
2460807.941200103,0.9968520700386235,0.0021179762567804226,1097.931219482422,1.2266528,1.7103575748466473,-0.5745245919454224,55526.35546875,6.114394030512729,2460807.937930324
2460807.9416085565,0.9988113257000274,0.0021220068844019536,1099.324560546875,1.2270842,1.4881426583963127,-0.7111359681232328,55526.35546875,6.285775899465363,2460807.9383387845
2460807.942017068,0.9970363419714825,0.002124640751914533,1101.5751403808595,1.2275193,1.4643251315268304,-0.6930250616343046,55526.35546875,5.965108245760167,2460807.938747303
2460807.942425765,0.9980798710040434,0.0021256515969590288,1103.7779296875,1.2279565,1.6503185354115408,-0.6417584865078683,55526.35546875,5.7225935031043225,2460807.939156007
2460807.9428345663,0.9983137426799407,0.00210949387591199,1104.3906188964843,1.2284,1.7027752899330793,-0.7430017222735094,55526.35546875,6.8790178199044325,2460807.939564815
2460807.943243483,0.9980243707491203,0.0021276031874103,1104.64462890625,1.2288493,1.9549061395363148,-0.7266733800939443,55526.35546875,5.682913797712476,2460807.9399737385
2460807.943652168,0.9983904842272768,0.002126069333479822,1104.3737365722657,1.2292953,2.1412647416917268,-1.1352798834561826,55526.35546875,6.084783884814556,2460807.9403824303
2460807.944060865,1.0003197526975582,0.002125940396418935,1103.2099731445312,1.2297532,2.10888119711086,-0.9264307650145629,55526.35546875,6.132263329190128,2460807.9407911343
2460807.9444695506,1.003279572020059,0.002124965608388034,1105.1554870605469,1.230209,1.5273357099787088,-0.44505118364784374,55526.35546875,6.426304305717093,2460807.9411998265
2460807.944878444,0.9994684275206247,0.002131177101142749,1107.5543029785156,1.230669,1.7461574921939773,-0.9114434460295794,55526.35546875,5.773197374345267,2460807.941608727
2460807.9452870367,1.0014131149208945,0.002123148502607554,1107.4001892089843,1.2311351,2.1328976198022906,-1.0499663304504194,55526.35546875,6.7351501401743255,2460807.9420173266
2460807.945695664,1.0047682395098592,0.002123042287042476,1107.54658203125,1.231603,1.7948753535866033,-1.1530872397462983,55526.35546875,6.787699467220435,2460807.9424259607
2460807.946104303,1.0018308470174333,0.002124202098816082,1106.3626647949218,1.2320781,1.1584803316641237,-0.6374355484083605,55526.35546875,6.455178276328922,2460807.9428346064
2460807.9465151755,1.0041570213798208,0.0021366473423295477,1106.2204162597657,1.2325584,1.9344625068670354,-0.7528795400780428,55526.35546875,5.303894454428243,2460807.943245486
2460807.946923722,1.0060467671337074,0.0021351840028576395,1107.7383361816405,1.2330375,1.482031859390961,-0.72073854159886,55526.35546875,5.4284320835416064,2460807.9436540394
2460807.947332361,1.0042685768215247,0.002110098448969678,1109.009100341797,1.23352,1.7327564347367266,-0.42038313153547957,55526.35546875,7.255311278081599,2460807.944062685
2460807.9477409073,1.0044878270891429,0.0021160272041430587,1108.6313110351562,1.2340095,1.8001026144233303,-0.8522937154443878,55526.35546875,6.7432569120179755,2460807.9444712386
2460807.9481495693,1.0041946203273842,0.0021250550616491214,1110.2750244140625,1.2345006,2.214477759615241,-0.9374692513650315,55526.35546875,6.1127541079767145,2460807.944879907
2460807.9485605694,1.0043763326783883,0.002131713997674461,1109.9216552734374,1.2349998,1.950136573219152,-0.9090158766289144,55526.35546875,5.654624571830883,2460807.9452909143
2460807.948971558,1.003000719302317,0.002133308755040019,1110.080419921875,1.2354989,2.1245357917177268,-1.053349644031979,55526.35546875,5.411943312330029,2460807.9457019097
2460807.949380336,1.0037409119529879,0.0021279953289206166,1112.685693359375,1.236003,2.2584523710378375,-1.3933612909623925,55526.35546875,6.191132181843611,2460807.9461106947
2460807.9498125506,1.004918145204934,0.0021253307081326505,1115.2079711914062,1.2365399,1.9943974781579508,-0.5605323924283887,55526.35546875,6.266314407889299,2460807.946542917
2460807.9502213863,1.004517452066819,0.0021332202257364208,1122.5519775390626,1.2370527,2.536825769734902,-0.7413972114334312,55526.35546875,5.821659629255839,2460807.946951759
2460807.950629852,1.0030194042481426,0.002142702874041169,1130.3216979980468,1.2375679,2.0337760765005,-0.691788236392788,55526.35546875,5.557428665502941,2460807.9473602315
2460807.951038502,1.0052749148614843,0.0021460434805781344,1139.7732727050782,1.2380876,1.3505345215978923,-0.8560702581033599,55526.35546875,5.364675107628683,2460807.947768889
2460807.951447095,1.0066153653437993,0.002136157137969652,1152.1798767089845,1.2386111,2.2601498918365657,-0.9675926806973307,55526.35546875,6.405812071544049,2460807.9481774885
2460807.95185659,1.0054228788448327,0.0021417862802140955,1139.3401306152343,1.2391405,1.8020965828379423,-0.6213886391097247,55526.35546875,5.8078289483005925,2460807.9485869906
2460807.9522653217,1.0045613888891338,0.0021414139668756863,1137.6593017578125,1.2396674,1.9108996876929305,-0.9398087139103725,55526.35546875,5.648101244332114,2460807.948995729
2460807.9526741114,1.0046468948506386,0.0021424600348880028,1140.7170166015626,1.2401998,2.0443505545831386,-0.6713884226830216,55526.35546875,5.622203912858706,2460807.9494045256
2460807.953082669,1.0027740358291877,0.002144942273137919,1141.9830810546875,1.2407385,2.0045199951350434,-0.8540670626330154,55526.35546875,5.789514537467642,2460807.9498130903
2460807.9534913427,1.0059846802608414,0.0021393873896103323,1145.2605407714843,1.2412792,1.8443427738413896,-1.4992532375837817,55526.35546875,6.090669742578376,2460807.950221771
2460807.953900039,1.0031571460485806,0.0021350305730082155,1146.1966064453125,1.241828,1.695838444139498,-0.8270100212931007,55526.35546875,6.4961787711117704,2460807.9506304744
2460807.954308725,1.0038101956374879,0.0021348046836501587,1154.8877075195312,1.2423756,1.8680528526867528,-0.9990378308441151,55526.35546875,6.028079296531796,2460807.9510391667
2460807.9547173637,1.0045806290525685,0.0021411941576101345,1167.735595703125,1.242932,1.7131481748025603,-0.8692532445487507,55526.35546875,5.90099552878515,2460807.9514478124
2460807.9551259563,1.003462825909185,0.002144699186977567,1179.8505554199219,1.2434869,2.2042112815238935,-0.8882909254058374,55526.35546875,5.763507528088786,2460807.951856412
2460807.9555344796,1.002703013608627,0.002136271218898704,1180.5189086914063,1.2440502,2.107321605740765,-0.9441323551355189,55526.35546875,6.521109451386389,2460807.952264942
2460807.9559431532,1.0041366450702813,0.00213627153590885,1183.6398986816407,1.2446149,1.2228775604295306,-0.6925229061712069,55526.35546875,6.500562346204063,2460807.952673623
2460807.956351966,1.003763569636126,0.0021498812850646435,1188.3779602050781,1.2451895,1.955354631707801,-0.8477860963781683,55526.35546875,5.7544577422014775,2460807.9530824423
2460807.956760524,1.0062055910551961,0.0021465867866963815,1192.8459167480469,1.245756,1.984705317836259,-0.5134945384874092,55526.35546875,6.190182749155727,2460807.953491007
2460807.957169151,1.0068423580282193,0.0021548182406097307,1189.1370361328125,1.2463372,1.7767478059372317,-1.091931074379012,55526.35546875,5.7366441377726,2460807.953899641
2460807.957577952,1.0039446472528268,0.0021437603761326708,1188.5283142089843,1.2469217,1.6826554112491887,-0.8335406065843453,55526.35546875,6.4415019621174405,2460807.9543084493
2460807.9579876787,1.0053946922185872,0.0021459055170414258,1178.712908935547,1.2475007,2.371727188862286,-1.2207384740042608,55526.35546875,6.001831908821206,2460807.954718183
2460807.9583974984,1.00761363113984,0.002150359573048999,1172.0604370117187,1.2480949,1.499583985560189,-1.0998251252238644,55526.35546875,5.897871532815984,2460807.9551280094
2460807.958806288,1.0047960669182756,0.0021479400105694005,1173.1263366699218,1.2486924,1.5976337446773559,-1.3533831345157787,55526.35546875,5.964169583060977,2460807.9555368056
2460807.9592151465,1.0043253097106453,0.002139653473839406,1182.0977355957032,1.2492858,1.7217134845129225,-0.8594455848435772,55526.35546875,6.768068852031828,2460807.955945671
2460807.959649665,1.0082045747389456,0.0021502541740221854,1180.7584411621094,1.2499271,1.8849417680352623,-0.7722092950298197,55526.35546875,5.877577025810679,2460807.956380197
2460807.9600595767,1.0078147242780955,0.0021443290207009045,1169.3202880859376,1.2505354,1.188032577431334,-0.7698193937921427,55526.35546875,5.893749316346899,2460807.9567901157
2460807.9604682503,1.0043459594441186,0.0021405557775952973,1172.8026977539062,1.251141,1.8307833138959722,-0.5351974507632851,55526.35546875,5.932262132433719,2460807.9571987963
2460807.960878162,1.0042283706741246,0.0021415624039717433,1166.9023986816405,1.2517575,1.8037424775670565,-0.8996748622904592,55526.35546875,6.061870884568766,2460807.957608715
2460807.9612870445,1.00401554526695,0.0021466492438797983,1182.3911071777343,1.2523722,1.6594191014928317,-1.0263801685529916,55526.35546875,5.934958270992598,2460807.958017604
2460807.961697165,1.0035816847920596,0.0021440087663893415,1192.304864501953,1.2529987,2.038670612467131,-1.398419200357902,55526.35546875,6.380303597323644,2460807.9584277314
2460807.9621069846,1.0038076896406884,0.0021375606840957173,1189.6914367675781,1.2536271,2.354487499152367,-1.1610715936430958,55526.35546875,6.710634421104329,2460807.958837558
2460807.9625192345,1.0044987542907335,0.0021456756736898284,1186.7628967285157,1.2542619,1.7625163426416697,-1.0932790441933158,55526.35546875,6.310165656608723,2460807.959249815
2460807.9629278155,1.0059002318429964,0.0021352100073259803,1185.5352416992187,1.2548896,2.1713682941425305,-1.1808936276123394,55526.35546875,7.086569399496609,2460807.959658403
2460807.9633365697,1.0009060429187293,0.0021456693390991075,1179.993115234375,1.2555343,1.7876893827508935,-1.2404015430534752,55526.35546875,6.414038383660982,2460807.960067164
2460807.9637451624,1.0031599630129133,0.002149160642591889,1184.001953125,1.2561726,2.0335048272890437,-1.0899130200776765,55526.35546875,6.241344033178612,2460807.960475764
2460807.9641539636,1.0050309555059453,0.00212673754061165,1182.9736328125,1.2568156,2.0883147693965936,-1.0847212334274894,55526.35546875,8.087561409247513,2460807.9608845715
2460807.9645628575,1.0051846722567703,0.0021339666925048934,1197.768243408203,1.2574683,1.3228739841871544,-1.1844151622206254,55526.35546875,7.609087618935946,2460807.9612934724
2460807.9649714497,1.0026802356230138,0.002144051563798483,1211.6746826171875,1.2581223,1.9085551765587683,-0.7439508994741684,55526.35546875,6.723380880186694,2460807.9617020716
2460807.9653802393,1.0046563162257234,0.0021315825024656137,1206.071484375,1.258779,2.3736431570234306,-0.7303676012752613,55526.35546875,6.820666969825627,2460807.962110868
2460807.9657902783,1.0041100667985563,0.0021479480114960773,1207.2992004394532,1.2594461,2.427242519008874,-1.5718367010838088,55526.35546875,6.467633543126986,2460807.962520914
2460807.966201325,1.0051624910028907,0.002158436271977667,1210.7987731933595,1.2601174,2.5499556245401065,-1.0473480772974626,55526.35546875,5.660491812500267,2460807.962931968
2460807.9666099753,1.0034785047905037,0.002147950658003704,1198.221209716797,1.2607853,1.8390621686331663,-1.3464668136934792,55526.35546875,6.1407200172290874,2460807.963340625
2460807.9670185675,1.002551069293085,0.0021305512986622443,1194.614031982422,1.2614577,2.1344851914400036,-0.9089188626141536,55526.35546875,7.39255234201188,2460807.9637492243
2460807.967429649,1.0047585886578783,0.0021352023561102703,1195.576416015625,1.262143,1.8609512681421234,-0.47662459348399033,55526.35546875,6.662689671984988,2460807.9641603124
2460807.9678384154,1.0055776823434373,0.002143285324673361,1199.3017517089843,1.2628205,1.796338253706721,-1.23473940056965,55526.35546875,6.296232857643403,2460807.9645690857
2460807.968249415,1.0040084934378175,0.0021407530879544345,1196.0295959472655,1.2635145,1.861889254674123,-0.9810588377666475,55526.35546875,6.269003864098618,2460807.9649800924
2460807.968657985,1.0073716622872502,0.002137294266254564,1194.286669921875,1.2642083,1.2706688496726164,-0.8052452721623818,55526.35546875,6.357395993599422,2460807.965388669
2460807.9690666352,1.0061791492746763,0.002138007305645163,1199.133612060547,1.2649032,2.1468128788806946,-1.613688926327749,55526.35546875,6.264837551638487,2460807.9657973265
2460807.9694763157,1.0051378002632274,0.0021453248147674333,1199.1864807128907,1.2656038,1.8153915681135044,-1.1370576001335249,55526.35546875,6.191254499692955,2460807.966207014
2460807.96988485,1.006891865889824,0.0021519893210418016,1184.569873046875,1.266307,2.1628459677874075,-1.1914523631427176,55526.35546875,5.598525333443829,2460807.9666155553
2460807.9702955727,1.0071570720680725,0.002148578655717468,1183.912530517578,1.2670173,1.7032521724347156,-1.2863609065212118,55526.35546875,5.7118045856533515,2460807.967026285
2460807.970704651,1.005841697206627,0.002142328987270725,1185.1512939453125,1.2677278,2.3407791169826924,-1.0555619488664445,55526.35546875,6.434411429757058,2460807.96743537
2460807.9711146676,1.006443568763477,0.0021498117207104754,1195.2416687011719,1.268443,1.5418556045754304,-1.3036528299412207,55526.35546875,6.045941987957745,2460807.9678453933
2460807.971523318,1.0050887494930143,0.0021426203291793934,1200.9502258300781,1.2691679,1.534548283687322,-1.4492480133726326,55526.35546875,6.326203653030888,2460807.9682540507
2460807.9719321653,1.004337426294688,0.0021572476717028654,1205.3463439941406,1.2698946,1.7085126020752128,-1.1660012760904355,55526.35546875,5.182041549943862,2460807.968662905
2460807.97234055,1.0035821140647752,0.002160215097126066,1217.4073364257813,1.2706239,1.8125118621858813,-0.9010180264544735,55526.35546875,5.722860485891203,2460807.9690712965
2460807.97274905,1.0042809988916352,0.002165228992556801,1230.3594909667968,1.2713469,1.8349163303690699,-1.6180840136229189,55526.35546875,5.24304019264461,2460807.9694798035
2460807.973157503,1.0043993956192636,0.002157532467903485,1219.160174560547,1.2720889,1.7787918699047414,-1.3326125869851333,55526.35546875,5.383473508078887,2460807.969888264
2460807.9735662346,1.0054904169034324,0.0021496580338301145,1223.08330078125,1.2728285,2.2384871581972936,-1.6806486702164745,55526.35546875,5.75683136956922,2460807.9702970022
2460807.973974874,1.0052523733719234,0.002157389179411076,1229.5105041503907,1.2735709,1.9581494576818412,-1.33265435513996,55526.35546875,5.636412670268299,2460807.970705648
2460807.9743860937,1.0076413191346916,0.0021581778406920557,1227.464794921875,1.2743338,2.0817297058825757,-1.158610560918079,55526.35546875,5.297217598658345,2460807.971116875
2460807.974798448,1.005111918956159,0.0021585993707265065,1225.5593383789062,1.2750903,1.753757791794272,-1.1180459297047358,55526.35546875,5.437093327556741,2460807.971529236
2460807.9752087765,1.0036742097338132,0.0021436577534831667,1226.232373046875,1.2758507,1.7730331014626666,-1.5180383589020041,55526.35546875,6.017027446066422,2460807.9719395717
2460807.9756184802,1.0065521161663735,0.002155870863519343,1225.6856811523437,1.2766163,1.4456991856091579,-1.4304580790877774,55526.35546875,5.801054524745021,2460807.9723492824
2460807.9760271655,1.0067965266287204,0.0021628518872641037,1231.0430969238282,1.2773873,1.7059795777159752,-1.458783508525719,55526.35546875,5.355912674986942,2460807.9727579746
2460807.9764382695,1.0053823139229512,0.002168021556245995,1236.4108520507812,1.27816,1.890146903763735,-1.5016983830493995,55526.35546875,5.11453124196936,2460807.9731690856
2460807.9768482046,1.0033386663318187,0.00217171244170473,1242.5001892089845,1.2789338,2.2607737342297622,-1.3939819577999684,55526.35546875,5.179975822433979,2460807.9735790277
2460807.9772568666,1.010668487113631,0.0021682354644868168,1245.3811096191407,1.2797163,1.8720538962667799,-1.7134111339576552,55526.35546875,5.994788968888329,2460807.9739876967
2460807.9776654476,1.0057009496607743,0.0021622966694966636,1234.1412841796875,1.2805003,2.036376477801056,-1.686264467134877,55526.35546875,6.137385384264168,2460807.9743962847
2460807.978078786,1.0061358688683848,0.002167387496674279,1237.470684814453,1.2812993,2.029531362913205,-1.5435588140263217,55526.35546875,5.329635170161437,2460807.97480963
2460807.97848864,1.0051254865610446,0.002167464921166107,1240.6539611816406,1.2820936,1.905259536202451,-1.4573255312105842,55526.35546875,5.647246689412376,2460807.975219491
2460807.978897348,1.0056879532726117,0.002176252692029171,1262.1436950683594,1.282891,1.757796332961152,-1.352847743411487,55526.35546875,5.2725673784747675,2460807.975628206
2460807.979305987,1.002139317606772,0.0021740666293397944,1264.1031616210937,1.283694,1.8953673813972152,-1.3083449859552672,55526.35546875,5.276557409393377,2460807.9760368518
2460807.979714718,1.0066042117044913,0.0021657613480599545,1281.7163024902343,1.2845035,2.249073916893221,-1.6435905055522269,55526.35546875,5.967582514292244,2460807.97644559
2460807.980124631,1.0039039559023373,0.0021684650964543706,1276.8690490722656,1.285311,2.2287712379788256,-1.6853974602441857,55526.35546875,5.762147241028865,2460807.9768555094
2460807.980534346,1.0051356004308416,0.002173493368955899,1286.45439453125,1.2861229,1.9975532269400325,-1.5909490799389334,55526.35546875,5.4530053254298005,2460807.9772652313
2460807.9809430195,1.005898600670069,0.0021728043314527563,1289.6910705566406,1.2869437,2.254917332725194,-1.4603203512298673,55526.35546875,5.454817713700969,2460807.977673912
2460807.981351751,1.0072357824906202,0.002158934016743962,1287.2374450683594,1.2877682,2.003902801235691,-1.4892512609941866,55526.35546875,6.190307070236588,2460807.9780826503
2460807.981761663,1.007486687656582,0.0021648682449664993,1290.0362487792968,1.2885962,1.9652523973416223,-1.5404503526928575,55526.35546875,6.309380566195598,2460807.9784925696
2460807.9821713897,1.0080574394427781,0.0021665665062779024,1299.6304260253905,1.2894318,2.0062381352204914,-1.3715636388012018,55526.35546875,6.141923477116469,2460807.978902303
2460807.9825799824,1.0094364689684516,0.002177260045356737,1302.4982971191407,1.2902693,2.0231173442434347,-1.8119425662547772,55526.35546875,5.707244064922723,2460807.9793109028
2460807.982989246,1.0082674572569976,0.0021751651354362015,1293.8167907714844,1.2911099,1.813368764126685,-1.2340820869499003,55526.35546875,6.136030920060502,2460807.9797201734
2460807.9833977,1.0081289999048186,0.0021816256460794473,1305.8027709960938,1.2919585,2.2748150412000574,-1.5418429361599624,55526.35546875,5.175370561748261,2460807.9801286343
2460807.983807334,1.0070142979901393,0.002182080935280998,1304.3369567871093,1.2928076,2.095566908579108,-1.7101940734176277,55526.35546875,5.274802338119062,2460807.9805382756
2460807.9842158803,1.0044746659383665,0.002185241489582812,1301.348126220703,1.2936626,1.653579591302008,-1.650361536118945,55526.35546875,4.971170774718925,2460807.9809468286
2460807.984626915,1.00684725417116,0.002186674730592724,1296.9278869628906,1.2945304,1.8107443769412912,-1.512769432170187,55526.35546875,4.745989475301163,2460807.98135787
2460807.9850365957,1.0054117198752528,0.0021844542594359586,1296.8531799316406,1.2953958,2.198615917791488,-1.5249839981234088,55526.35546875,5.001574521027024,2460807.981767558
2460807.9854451423,1.0078023315237727,0.002187690679822376,1317.4401245117188,1.2962619,1.7992997923812515,-1.521615730302609,55526.35546875,5.142931620965981,2460807.982176111
2460807.98585517,1.008740153368536,0.0021890912213848495,1346.034112548828,1.2971381,1.939052121739088,-1.4182855409505426,55526.35546875,5.606942333153561,2460807.982586146
2460807.986265568,1.0079729243041826,0.0021911800574780076,1384.3999633789062,1.2980201,2.109161430241102,-1.4860561125189984,55526.35546875,5.7384307070079155,2460807.982996551
2460807.9866736745,1.010885385802223,0.002190087974679463,1381.45224609375,1.298898,2.2549233619282005,-1.3516406452068142,55526.35546875,6.02531453192883,2460807.9834046643
2460807.9870823715,1.0062023761704024,0.0021886461368707784,1391.1231323242187,1.2997822,1.9716894959090099,-1.6045562878709727,55526.35546875,5.862655352035083,2460807.9838133682
2460807.9874909753,1.007096252908355,0.002194989733393482,1399.6403076171875,1.3006725,2.154171783257268,-1.7382816629184934,55526.35546875,5.619613245910276,2460807.984221979
2460807.9878997067,1.0070371926393122,0.002197058751055176,1400.982354736328,1.3015739,2.2696224278818518,-1.7991954103638252,55526.35546875,5.803050531258391,2460807.9846307174
2460807.9883084153,1.0059427343026939,0.002196943810530326,1411.034130859375,1.3024661,1.8201315981978294,-1.1924091220353386,55526.35546875,5.892063272083731,2460807.985039433
2460807.9887171118,1.0042609879992161,0.0021966426074618507,1431.2283935546875,1.3033756,1.8371600231334755,-1.6354017218012218,55526.35546875,5.949422276037758,2460807.9854481365
2460807.9891269775,1.0073652213930329,0.0022108733927969654,1445.6614868164063,1.3042856,1.6605585960303182,-1.5506224357770948,55526.35546875,5.570672825122866,2460807.985858009
2460807.989535686,1.0110283524225772,0.0022194278485202666,1459.0053405761719,1.3052005,2.3699730661861667,-1.8931656097488252,55526.35546875,5.120798128778078,2460807.9862667248
2460807.9899442554,1.0064358959704856,0.0022153552404153305,1442.2579772949218,1.3061205,2.2472352252535224,-1.5236293627753696,55526.35546875,5.087347991110724,2460807.986675301
2460807.9903528476,1.0065773811218512,0.002212193862363271,1443.2971130371093,1.3070369,2.479656538578778,-1.7420967819176194,55526.35546875,5.220978536602906,2460807.9870839003
2460807.9907639404,1.00742170100277,0.0022134324249142925,1445.0976135253907,1.3079788,2.6706525859153234,-1.421429295637227,55526.35546875,5.385189428954352,2460807.987495
2460807.991172718,1.006457526682701,0.002210384625583637,1420.5499145507813,1.308909,2.1053668733218416,-1.6089242555266972,55526.35546875,5.005663669690804,2460807.9879037845
2460807.9915814614,1.006428874389017,0.0022071567520221456,1407.382147216797,1.3098511,1.8415102219236255,-1.4169880275041047,55526.35546875,5.198200869372492,2460807.9883125345
2460807.9919902044,1.0091494233552312,0.0022113244016898114,1420.9742614746094,1.3107849,1.9368529467349271,-1.8795645171818922,55526.35546875,5.2741771871623015,2460807.9887212845
2460807.992402281,1.00945513519437,0.002199189804812605,1435.3442504882812,1.3117443,2.21193865766279,-1.244252217951295,55526.35546875,6.540320308336313,2460807.9891333682
2460807.9928108505,1.0026061797905748,0.0021921260954212165,1410.4428344726562,1.3126927,1.9681116457364485,-1.5741789700671631,55526.35546875,6.030502473970425,2460807.9895419446
2460807.9932207274,1.008504639893859,0.0022063178876757655,1436.71181640625,1.3136444,2.287123520257888,-1.7159685474989006,55526.35546875,5.540258583157794,2460807.9899518285
2460807.9936305815,1.0072971054619508,0.0022044378712748696,1438.4166564941406,1.3146104,2.435614161599697,-1.9479297129001678,55526.35546875,5.5895669048386205,2460807.9903616896
2460807.994047484,1.0082521041597532,0.0022091299043249554,1436.7115051269532,1.3155988,2.305588579011243,-1.6854339445971949,55526.35546875,5.241914519810369,2460807.9907785994
2460807.9944574423,1.006526233102681,0.002204433839624946,1448.2979309082032,1.316567,2.48145749324194,-1.560658465970499,55526.35546875,5.795987798158221,2460807.991188565
2460807.994866209,1.0082799898442172,0.002198716622044565,1438.205303955078,1.3175414,2.1056673647432764,-1.5304562227782694,55526.35546875,6.305075277332661,2460807.991597338
2460807.9952749982,1.00673673430954,0.0022047086923097817,1438.312322998047,1.3185226,2.001012410519366,-1.7276726261271131,55526.35546875,5.77722782733249,2460807.9920061342
2460807.9956848873,1.0089402322615206,0.0022123164751899397,1447.8731750488282,1.3195095,2.434031225135205,-1.8832576648107997,55526.35546875,5.440469729501717,2460807.9924160303
2460807.99609613,1.0089819096213826,0.00220337705956889,1451.8432495117188,1.3205028,2.6264018940806717,-1.7646481338449223,55526.35546875,6.034707220658715,2460807.99282728
2460807.9965045145,1.0060264975390691,0.002210608826495104,1448.9242736816407,1.3215044,2.0933832275843796,-1.9875280516732483,55526.35546875,6.304692387520655,2460807.9932356714
2460807.996913188,1.0074947175224254,0.0022108134302711684,1454.0724670410157,1.3224941,2.445834484214609,-1.6692636701990715,55526.35546875,6.101252950847775,2460807.993644352
2460807.9973216765,1.0097699280416228,0.002213065889389083,1438.2099243164062,1.3235019,2.3410114472320496,-1.599005420432619,55526.35546875,5.702215459665566,2460807.9940528474
2460807.997730234,1.0106023949223848,0.002209832058450797,1437.2345886230469,1.3245044,2.749252714961105,-2.018337506864791,55526.35546875,5.801568694713015,2460807.994461412
2460807.9981400766,1.0081714992792195,0.002202333188566348,1444.6111389160155,1.3255227,2.1664221387008213,-1.8700601099424603,55526.35546875,6.346701163092814,2460807.9948712615
2460807.9985488774,1.0096363499250551,0.0022010540319708427,1446.2567504882813,1.3265437,2.1884567743261827,-1.6308350247000691,55526.35546875,6.742788462391371,2460807.9952800693
2460807.9989573774,1.0110557506869324,0.002203059975126273,1441.4562133789063,1.3275638,1.8630179135652718,-1.3991852333807184,55526.35546875,5.898204510274964,2460807.9956885763
2460807.999367359,1.0101802588999964,0.002203337001307582,1432.3795227050782,1.3285992,2.461044576568575,-1.1516283757036097,55526.35546875,6.2678484133102526,2460807.996098565
2460807.999776125,1.0109450972824405,0.0021994487203008013,1431.4730895996095,1.3296289,2.8584473298550557,-2.149051474889178,55526.35546875,6.243873836103774,2460807.996507338
2460808.00018466,1.0088636535108735,0.0021972342085776475,1413.0133056640625,1.3306663,2.073271161701521,-2.06419779787722,55526.35546875,6.138927032242162,2460807.9969158797
2460808.0005943403,1.0105208248963904,0.0021975641000133404,1399.5334838867188,1.3317142,1.9124512737871804,-1.2502637485957186,55526.35546875,5.907946827063685,2460807.997325567
2460808.00100306,1.0094907428307618,0.0021841111363514708,1388.4119567871094,1.3327624,2.9197594287419837,-2.0516653472021895,55526.35546875,6.82430152499032,2460807.997734294
2460808.0014116294,1.013167717248342,0.0021904295658766496,1382.0718688964844,1.3338152,2.158597225582085,-1.891548106061486,55526.35546875,5.897527927626795,2460807.99814287
2460808.0018202337,1.00906622198777,0.0021953670664883523,1373.7561950683594,1.3348694,2.497327097292514,-1.7422405135129595,55526.35546875,5.599561695126764,2460807.9985514814
2460808.0022287453,1.0102223262193044,0.0021958198542802693,1371.814630126953,1.3359258,2.664218046160233,-1.8756639602199698,55526.35546875,5.72529113192485,2460807.99896
2460808.002639641,1.0087712809663913,0.002199436854556134,1373.1229370117187,1.3370017,2.5049625566737737,-1.7767912471864098,55526.35546875,5.691124055525918,2460807.999370903
2460808.0030483725,1.0084132457592023,0.002199432667943328,1382.168408203125,1.3380754,2.5659184839440106,-1.7375717947594391,55526.35546875,5.591112983872789,2460807.999779641
2460808.0034567798,1.0133586135344246,0.002199739798567709,1377.8844665527345,1.3391488,2.372879555667707,-1.872859624586123,55526.35546875,5.526739482320068,2460808.0001880554
2460808.0038654883,1.0085885525347589,0.002197544758934575,1368.135919189453,1.3402321,1.7942719167511194,-1.6351612404562978,55526.35546875,5.37721207770152,2460808.000596771
2460808.004274173,1.0112601867667192,0.0021989998638187883,1367.3946044921875,1.341321,2.5772055841568653,-1.871468349918991,55526.35546875,5.419413951765211,2460808.001005463
2460808.0046827197,1.0113674153531707,0.0021954093804631746,1359.892401123047,1.3424108,2.0233593091552957,-2.1228708569231745,55526.35546875,5.799617732342912,2460808.0014140164
2460808.0050912774,1.0060666594590715,0.002187160827425565,1346.9696655273438,1.3435091,2.335179631402616,-1.7613647486721353,55526.35546875,6.098473014579768,2460808.001822581
2460808.0054998817,1.0097203625857294,0.0021828406253870864,1354.5589233398437,1.3446192,2.484920770253161,-2.129181691962997,55526.35546875,6.548195955966782,2460808.0022311923
2460808.005913277,1.0092499889638904,0.00218242606530658,1358.6473388671875,1.3457415,3.2339749229178616,-1.890896138017479,55526.35546875,6.318268814031684,2460808.0026445948
2460808.006321974,1.0102875619626266,0.0021838944387804174,1360.8648071289062,1.3468477,2.399616425667549,-1.7644133270339855,55526.35546875,6.373119716460475,2460808.0030532987
2460808.00673287,1.0125882545079259,0.0021790299972357435,1362.7064270019532,1.3479798,2.9167065575021653,-1.7304758039960724,55526.35546875,6.73846926287113,2460808.0034642015
2460808.007145085,1.0083990875938507,0.002177052164847583,1348.5088256835938,1.3491091,2.7423961868453968,-1.9785316189867326,55526.35546875,6.575701668485146,2460808.0038764235
2460808.007555888,1.0112347011559466,0.0021855205736174047,1373.684344482422,1.3502372,2.024321215647712,-1.7977463860003111,55526.35546875,6.3003117026974005,2460808.0042872336
2460808.0079657077,1.0122506156714421,0.0021867613319352594,1377.5082702636719,1.3513668,2.943840026528893,-1.7080102481309078,55526.35546875,6.730246584638021,2460808.00469706
2460808.0083741033,1.0124661383992923,0.0021891009330359734,1377.4583740234375,1.3525094,2.7666349698034463,-1.7842355014359002,55526.35546875,6.4489391145856185,2460808.005105463
2460808.0087828003,1.0084207700531989,0.002200567886424772,1380.1944519042968,1.3536525,2.418657091012228,-1.7623286000157408,55526.35546875,5.58785530654224,2460808.005514167
2460808.0091915433,1.0122740451961185,0.0021979606232479056,1376.5111450195313,1.3548072,2.4860734998911207,-2.0359754992879786,55526.35546875,5.759451934487779,2460808.005922917
2460808.0096013625,1.0099627165916647,0.002195673755006192,1368.161932373047,1.3559703,2.594777951464584,-1.677666229609939,55526.35546875,6.06539462084938,2460808.006332743
2460808.010016645,1.012530660363922,0.0021890227856137348,1381.0212341308593,1.3571371,2.3324392227347994,-2.1400886267410195,55526.35546875,6.65999663269188,2460808.0067480323
2460808.0104257003,1.0115347050589938,0.0021832446559748855,1377.2054382324218,1.3583036,2.139157576056992,-1.87967544394431,55526.35546875,6.7953450553731845,2460808.007157095
2460808.0108345128,1.0118947087637047,0.002190043616955272,1361.5792846679688,1.3594735,2.5795483274079802,-1.2684071552923728,55526.35546875,6.229826301147324,2460808.007565914
2460808.011242816,1.0110587175744257,0.0021897276516577007,1349.3485778808595,1.36065,2.8070686243726666,-1.7000808307328295,55526.35546875,6.328228856086143,2460808.0079742246
2460808.0116561195,1.0134155574034935,0.00217979181056274,1355.7361267089843,1.3618465,2.6880627711386444,-2.1623484477938097,55526.35546875,7.159879566256798,2460808.008387535
2460808.012064677,1.0115716181160088,0.0021710515718869144,1354.9763916015625,1.3630323,2.594943634156497,-1.8388835884989199,55526.35546875,7.19184766212211,2460808.0087960996
2460808.0124745313,1.0099331828711249,0.002180436144637303,1355.174072265625,1.364219,2.515677673104606,-1.5719873395601405,55526.35546875,6.478834182180858,2460808.0092059607
2460808.0128831584,1.0124810058569396,0.002170996254457874,1366.4809143066407,1.3654139,2.5210933968908718,-1.8120241109049298,55526.35546875,7.408870768525113,2460808.0096145947
2460808.0132917627,1.0142819089631525,0.0021754259487204823,1352.8418273925781,1.3666237,3.109611875985171,-1.8373888148566846,55526.35546875,6.816783504375475,2460808.010023206
2460808.0137004596,1.0117571948048318,0.002178970221262875,1368.980224609375,1.3678204,3.05961063711901,-1.3645025929493553,55526.35546875,6.978320009958875,2460808.01043191
2460808.014517529,1.0124727920686305,0.0021793706024934626,1360.5259948730468,1.3702547,2.9504562024261474,-1.8389461763728432,55526.35546875,7.060102880488955,2460808.011248993
2460808.0149277416,1.0135909825881195,0.002179024199834178,1359.2160949707031,1.3714745,3.0667849517035113,-1.6250608601001388,55526.35546875,6.892395880745474,2460808.011659213
2460808.0153367743,1.0076912892743217,0.002184034706400745,1362.161932373047,1.3727062,2.6339673634248437,-1.7959598330303381,55526.35546875,6.586618916479965,2460808.0120682525
2460808.015745575,1.0130776107073798,0.0021992756052769437,1373.4154235839844,1.3739418,2.1543394895167918,-1.9290876590389765,55526.35546875,5.829444572666332,2460808.0124770603
2460808.0161541677,1.0106273600386748,0.0021969212290629536,1367.6529907226563,1.3751811,3.1054887788242183,-1.3249040536931544,55526.35546875,5.724716473482711,2460808.01288566
2460808.0165628875,1.0119056295390152,0.0021903339042980423,1351.0623596191406,1.3764241,2.688782191399444,-1.731580757936253,55526.35546875,6.292271639748655,2460808.0132943867
2460808.0169715146,1.0158202801539058,0.002192352166926039,1365.5310363769531,1.377675,2.9880790494981966,-1.5808483410939,55526.35546875,6.1440625668695885,2460808.0137030208
2460808.017381195,1.0138291760120532,0.002186731782992068,1345.6044494628907,1.3789373,3.066481647691634,-1.848480418068337,55526.35546875,6.195743342102139,2460808.014112708
2460808.0177921834,1.0147546045405682,0.0021858098565684624,1355.655255126953,1.3802034,3.115547329083074,-1.4700369195387493,55526.35546875,6.563750350839963,2460808.0145237036
2460808.0182020026,1.0112277103609477,0.0021794385748709916,1357.059375,1.3814756,2.9168263266614964,-1.6552103985049516,55526.35546875,6.868190953769374,2460808.0149335302
2460808.018610699,1.0151715125992096,0.002178324199001004,1353.9486145019532,1.3827568,2.8678780894856786,-1.471911146716967,55526.35546875,6.655636247166523,2460808.0153422337
2460808.0190193034,1.012855047816256,0.0021726652138971733,1368.556884765625,1.3840197,2.741729890649779,-1.9683840013546683,55526.35546875,6.837054701047615,2460808.015750845
2460808.019427861,1.0146671945896275,0.0021658706122806696,1369.4958374023438,1.3853114,3.2118811882169394,-1.910203027713432,55526.35546875,7.061382808121151,2460808.0161594097
2460808.0198388956,1.01318707400649,0.0021832300155994826,1365.4043518066405,1.3866053,2.6542097116387233,-1.6020793187030402,55526.35546875,6.180448958003353,2460808.016570451
2460808.020247604,1.015544266293257,0.002182013161019735,1369.289044189453,1.3878999,2.5213635646715598,-1.8954984801275543,55526.35546875,6.385540055594499,2460808.016979167
2460808.0206562662,1.0127483675649054,0.0021833444122912903,1372.84453125,1.3891995,2.592507412944138,-1.6921972430959709,55526.35546875,6.575215573596894,2460808.017387836
2460808.021065067,1.0115602873955678,0.0021833032779267603,1375.2303527832032,1.3905095,2.860264474238407,-1.1493930713194562,55526.35546875,6.476997767746632,2460808.0177966435
2460808.0214737174,1.0171212547105044,0.0021816883646730255,1370.9669372558594,1.3918187,2.9231516464433533,-2.021069002662453,55526.35546875,6.455678417982509,2460808.018205301
2460808.021882553,1.0097812031351996,0.0021930169952573348,1380.5546569824219,1.3931293,2.93802626323566,-1.352554323546647,55526.35546875,5.8441577979661465,2460808.0186141436
2460808.0222936687,1.0138279117983924,0.0021803789919534458,1378.2080505371093,1.3944744,3.1084055881948447,-1.452287856974148,55526.35546875,6.941189870801766,2460808.019025266
2460808.022702238,1.0163714459238469,0.0021949726614401994,1377.2556091308593,1.3957832,3.4484048474533253,-1.9577170533389827,55526.35546875,5.784542185996417,2460808.0194338425
2460808.0231109466,1.0112908570947134,0.0021898053795537304,1376.2274291992187,1.397126,3.1561049982171685,-2.1717335366351342,55526.35546875,6.016805488770784,2460808.019842558
2460808.023519539,1.0090914968973683,0.0021898740916819247,1373.5828186035155,1.3984714,2.6015476821204615,-1.2550208716784266,55526.35546875,5.9908378725573925,2460808.020251157
2460808.023929463,1.012699419332624,0.0021897356105347173,1363.6028442382812,1.3998175,3.218255421959494,-1.5816043635063757,55526.35546875,5.745135624056863,2460808.020661088
2460808.0243382864,1.0151880990108884,0.002189337239253413,1354.8985534667968,1.4011717,3.2297594784122294,-1.8158232278894193,55526.35546875,5.910132923286601,2460808.0210699188
2460808.024749518,1.0129361019554082,0.002189061392213154,1358.918701171875,1.4025392,2.4142701107005133,-1.5587830362280148,55526.35546875,5.740804953814474,2460808.0214811573
2460808.025158342,1.0135474236892137,0.0021667933753346637,1348.934344482422,1.4038912,2.8430461442138424,-1.893529033511256,55526.35546875,7.001894305385265,2460808.0218899883
2460808.0255670617,1.011753588039072,0.0021802622903267788,1350.1958068847657,1.4052646,2.9279266355246762,-1.6123835969771823,55526.35546875,6.34776619439595,2460808.022298715
2460808.0259758164,1.0126224478441783,0.0021777032796447193,1356.8515380859376,1.4066414,3.032008835017569,-1.5422199091466149,55526.35546875,6.636213946311957,2460808.0227074767
2460808.026384328,1.0104047860344303,0.0021736024977681294,1358.9270629882812,1.4080165,2.740150596198838,-1.7710997636547974,55526.35546875,6.626762212091261,2460808.0231159953
2460808.0267976546,1.0142390969245514,0.002174015786119088,1344.583917236328,1.4094247,2.82501893756916,-2.162334639151081,55526.35546875,6.602691057372906,2460808.023529329
2460808.027206386,1.0137038078138778,0.0021665295516738467,1335.1570434570312,1.410818,2.5952560860372746,-1.5216979464720402,55526.35546875,6.856503103111333,2460808.0239380673
2460808.027615175,1.0123793598829867,0.002167930653974406,1333.6293212890625,1.412215,3.8863880435861593,-1.5736724091930883,55526.35546875,6.886649763550543,2460808.0243468634
2460808.0280238716,1.0125094471628449,0.0021803935270063675,1337.5358276367188,1.4136248,3.060448788277722,-2.1384996880183365,55526.35546875,5.944352567952895,2460808.0247555673
2460808.028432487,1.0140250982224677,0.0021867104210440648,1334.1678833007813,1.4150165,3.138218694589032,-1.8574025860222254,55526.35546875,5.785623694397699,2460808.0251641897
2460808.0288446327,1.0133061387752407,0.0021860837527518423,1329.2894226074218,1.4164608,2.718086854071535,-1.8484416376670951,55526.35546875,5.703094836359332,2460808.0255763424
2460808.0292533063,1.0132243397376286,0.0021832621928013283,1325.8217163085938,1.4178841,2.59992355325734,-1.9060955208167025,55526.35546875,5.7292269758833845,2460808.025985023
2460808.0296621188,1.013731830401525,0.002173055443280187,1320.2378845214844,1.4193145,3.2881220304906567,-1.5010255302804678,55526.35546875,6.623863120702117,2460808.0263938424
2460808.0300722625,1.0143556500930735,0.0021728784731361783,1315.2074829101562,1.4207428,3.2368106224648505,-1.8572832024501498,55526.35546875,6.311947045324144,2460808.026803993
2460808.030480913,1.0145228089256382,0.002177960611065301,1316.7985473632812,1.4221888,3.3833337299565724,-1.6784673258157552,55526.35546875,5.834003499069533,2460808.0272126505
2460808.030889494,1.015772900042646,0.002183043735051757,1317.3864807128907,1.4236217,3.049945708302935,-2.060414477373626,55526.35546875,5.761557948081453,2460808.0276212385
2460808.0312983063,1.0128971834265368,0.0021731156589740626,1316.0779724121094,1.4250819,3.5207411106755924,-1.8949018590384024,55526.35546875,6.328591855108132,2460808.028030058
2460808.0317081604,1.0140964087758746,0.002170382412702951,1318.3681213378907,1.4265401,3.037529737140562,-1.9789972523027,55526.35546875,6.326776741862739,2460808.028439919
2460808.032116811,1.0140801017582661,0.002176244265450781,1321.5634765625,1.4279991,2.992041357404821,-2.046609077032536,55526.35546875,6.046618132810104,2460808.0288485764
2460808.0325265145,1.0174331855269212,0.0021677963194312267,1322.6283081054687,1.4294854,2.48538394857081,-1.3855934702281494,55526.35546875,6.769352872970851,2460808.029258287
2460808.0329352226,1.0136004624603263,0.0021781503549009153,1328.9779418945313,1.4309528,2.4862248729158347,-1.506735746923393,55526.35546875,6.01709943253819,2460808.029667002
2460808.0333438385,1.0169126964388964,0.0021735801221559564,1340.6589477539062,1.4324263,3.1529443889776276,-1.7519184385883393,55526.35546875,6.595111592472726,2460808.030075625
2460808.033754746,1.0161241701487618,0.0021607700336633215,1342.9204711914062,1.433933,3.5307496188846983,-1.8578135081552136,55526.35546875,7.598633314993612,2460808.0304865395
2460808.0341635696,1.0161821810223486,0.002171712106980923,1342.2010498046875,1.4354203,3.0503441911101357,-1.6413669071996477,55526.35546875,6.629415459176648,2460808.0308953705
2460808.03457222,1.0167963530761597,0.002190951200286034,1349.5784484863282,1.4369253,2.877602289693394,-1.3823113465567798,55526.35546875,5.537615102235107,2460808.031304028
2460808.034985442,1.0132613386604652,0.002179071052453367,1316.096728515625,1.4384637,2.817654648977248,-1.5662351761946414,55526.35546875,5.922692805987816,2460808.031717257
2460808.035394127,1.0149435764306003,0.002180428283673026,1321.2066162109375,1.4399551,2.6774260517889337,-1.664143632603409,55526.35546875,5.852252363881117,2460808.032125949
2460808.0358039234,1.0155846100115493,0.002193135879827284,1343.4000366210937,1.4414917,3.322038777084814,-1.5833719686677854,55526.35546875,5.1352435557060385,2460808.0325357523
2460808.0362138934,1.0142621917894803,0.0021864831872565184,1327.7475463867188,1.443023,2.8545463314483905,-1.6864933159892364,55526.35546875,5.554886432685555,2460808.0329457293
2460808.0366226593,1.0129081328473861,0.002183579343331457,1333.4681030273437,1.444554,3.7197362673590386,-2.1344575952696854,55526.35546875,5.772242901800873,2460808.033354502
2460808.0370311365,1.0156533121136815,0.0021928235618840623,1335.0642211914062,1.4461039,2.4152502407485383,-1.5963653534466775,55526.35546875,5.078966433961748,2460808.0337629863
2460808.0374398446,1.0135587373560897,0.002180502865476445,1318.5859741210938,1.4476173,3.2917825638829843,-2.0781962083287793,55526.35546875,6.01031204397539,2460808.0341717014
2460808.037848541,1.0143533431182177,0.0021796453382092727,1331.0274536132813,1.4491801,2.91125984717475,-1.9443793731600394,55526.35546875,5.844491141039895,2460808.034580405
